,uuid,labels
0,ad600078-4d9b-4935-a6cf-3b95f95b5a57.png,0
1,4f05c1a8-e81b-4072-bac0-4567008b225d.png,0
2,21993e35-305e-410b-83e3-ef5b5349ab5d.png,0
3,25b11c83-ed7c-47b1-803a-72d90288f796.png,0
4,5455878d-3faa-40f4-b472-1447b6c5e6b9.png,0
5,62a36456-b75d-4961-86a3-46ded45ae897.png,0
6,993cd38b-bb68-4017-84ac-546f5d2ef097.png,0
7,56b43af3-2d18-49a7-a8a2-b3c5bde8f2a4.png,0
8,52f4b88d-ad57-4936-b7ea-24ac41b21c10.png,0
9,5bc281c5-957c-4601-a082-f0e221b02ad6.png,0
10,bc2b93a0-5ee0-4719-b6ca-5a306005e455.png,0
11,889d54e2-846b-4ba0-9316-f7f4ea229600.png,0
12,a9d4060c-a377-4a03-847b-679a90182770.png,0
13,758cffca-bff4-46f5-b60e-c0605318ec02.png,0
14,b341c9f7-1167-48de-afaf-d10736f8ae19.png,0
15,b7b087a2-7b3e-4931-8332-9d04e4b7057f.png,0
16,fd255048-6bdf-4884-b881-aec967f20d07.png,0
17,cfbfcdaf-c22c-40f0-ac7d-cd9f1410b1c0.png,0
18,406e0fa9-0abd-42b8-a66c-f98157797f8a.png,0
19,b3be9bc7-6484-4d7c-a116-aa828f529969.png,0
20,7c967fe7-4578-4157-889c-e3c6e9ec2fcd.png,0
21,d5ebe804-6902-4cc8-8cdf-baf3d47659a4.png,0
22,a0904189-1b0a-4e35-a7ad-2281e6c4b393.png,0
23,e6bd240b-5fe0-4eb3-94d6-8ab95928410d.png,0
24,5f2d1b13-1c3c-4643-b2fd-892a8a72fe4a.png,0
25,7a37bcf1-c686-4fe3-864d-86c570de3051.png,0
26,fb80409b-83e9-4853-a3df-2ca5873fdbf8.png,0
27,84cd1e92-099a-4241-8f39-741e8cbaaaba.png,0
28,590735f3-7db3-4466-833c-59b825bcabff.png,0
29,f34b0aab-d82f-42c9-8851-35205dd8b05e.png,0
30,f02f06f6-5b57-4832-9a6a-e6f716f0fbb3.png,0
31,ef1814ef-80bf-40c9-a14b-f9e73845aade.png,0
32,5739695f-e71e-4316-83f1-51b4dd73ab7e.png,0
33,a34ea167-cccd-4d05-b75e-4e5d000e74ac.png,0
34,d00f0793-a240-4a63-b020-8b23fd23457b.png,0
35,21f809b9-52a2-478c-b97d-7cbeee2b18ff.png,0
36,8a22dc6e-18df-4a6e-bc95-6e4db1b20559.png,0
37,67867957-5dc2-4ee2-93bb-ca9c579f21d9.png,0
38,3048bf04-84ad-4529-b71b-5d58eba354bb.png,0
39,0862889e-3add-41ed-aacc-95268325fa60.png,0
40,c1bd3170-2d55-42e5-ac86-2f77507c764f.png,0
41,b959a002-fabe-4a2e-914a-467225b3743b.png,0
42,f58b59c8-ea8e-4920-b1d5-c4c2ceed100c.png,0
43,a7b7b7e2-bdad-40e3-b84d-efa77df23512.png,0
44,02cfeb77-fe3d-4ca8-8e90-c07b1c28f9d6.png,0
45,50e41b91-c2ce-4a2d-be42-4c2a59c6cf53.png,0
46,968ee3c3-6bb4-4047-a778-d02d35ff1794.png,0
47,3ee5e161-b0fe-4bd2-9536-a9795448953a.png,0
48,00b55250-1106-45a5-9c15-9681d274f72b.png,0
49,60fee404-d9d3-45d1-9e34-53189a3de777.png,0
50,b5526f1d-f30c-47df-a6c7-f8ebdbf4132d.png,0
51,3ffee1b4-da3c-4711-8ba6-3a1dfbbc7228.png,0
52,80fbc682-5c85-4ab0-97e2-5d0fd2540a41.png,0
53,be098bfe-c891-4c3a-8b45-6c3dce057665.png,1
54,412551bf-415f-4636-854c-b697f875a07b.png,1
55,1ed849b8-f724-4c8e-bc3d-7fa574a669f7.png,1
56,0ea23f55-56dc-488c-90cb-8e666bcf9465.png,1
57,5658add4-5d3c-45c3-af25-cbd6ad121126.png,1
58,dbb78da1-e10f-48ed-b40b-80fac1c63055.png,1
59,ce7ee480-d61d-49da-819d-64268241be49.png,1
60,c976f40d-10e7-413b-bb67-14a7743d9cda.png,1
61,7774786f-1783-483d-b19c-93aa8b24dd8d.png,1
62,79289094-f5af-4a13-89a9-983c05aea184.png,0
63,3dc5c63a-e223-465a-aeaa-0d68b68dad19.png,0
64,456373e9-a387-4556-adff-898097112e76.png,0
65,5f31723d-37fa-4c72-aff0-819f604cadf6.png,0
66,f8e1991b-5a27-4879-b59c-86fe026caa23.png,0
67,2b160021-451e-4717-bbfe-5692f49d66e2.png,0
68,67445add-636c-45eb-94eb-dd6a941c12ae.png,0
69,b3444c30-d120-4837-93f4-f4b0e95d6976.png,0
70,b2fa8f81-058d-4536-af45-ce31e03a88c6.png,0
71,4d2d1e87-d7e8-444e-96ce-b2150953ac9d.png,0
72,530d87b0-bb3f-474a-b5c1-29d07ec9e783.png,0
73,5a59427c-9b79-4b45-b044-6a396d9c23ac.png,0
74,d4077ce1-22b5-401b-ad96-210b56a88808.png,0
75,e4c33701-82d0-455f-a527-6f761d60eae9.png,0
76,a102175d-614f-4555-8ac5-20f7c24abf9d.png,0
77,6832e91c-3f54-4b8a-aa5e-3f5c16125fd5.png,0
78,8d66d7f7-7e1b-4676-9a1e-e561c0351b80.png,0
79,cb667cfb-0e97-4bb1-9b28-3d27ed23e08b.png,0
80,c6e573db-ca5a-4255-ac3a-4dc561707c20.png,0
81,387d68fd-a288-4aa5-8f8e-644cf3309615.png,0
82,0237405f-46ab-4a2a-a076-fd67dae6e9c6.png,0
83,7e8c63b1-b942-4801-8379-33cb635bfc5a.png,0
84,afb8c75c-9d53-4010-a1b9-1b05e3297528.png,0
85,70c87b32-89cc-4e48-bf51-1f835ad05365.png,0
86,645084e7-82d0-4cf8-9595-b96c1f2e4725.png,0
87,b06da204-747f-4624-950d-2d16a729f50a.png,0
88,8340deb1-2802-4c95-b59f-b96b26addf4e.png,0
89,e4c7ba5f-711c-4ae3-b367-198e93bf89a6.png,0
90,8a26b159-d619-42ac-8c5d-3112e1bed8a4.png,0
91,ecd4ecac-6ae5-4148-8eb2-49b201a31a93.png,0
92,f5c1f3fc-b47e-4ba0-99e5-480de6c3fc06.png,0
93,0527de73-9b29-4ef2-8ba5-414e822072cc.png,0
94,480fc4fb-e2a4-45a5-a55e-028a6721517f.png,0
95,95feb53c-4db0-443a-99c4-29986dd1f984.png,0
96,746a9c19-fa06-4a65-ae14-eb44bfb0ccaf.png,0
97,b3f51353-5653-4c78-802a-3055f9ddacaf.png,0
98,11ce804c-a3af-4776-b184-ea037b49ec87.png,0
99,e352a159-ca66-4012-ba04-35c7f5fe30f4.png,0
100,16769adc-0f64-47c4-8aa2-cdd5f7633979.png,0
101,9ce18b55-42d7-4eb0-8ff5-f1e2797d09c6.png,0
102,2e82314c-ffb9-4c50-8f18-2f0f5a4279af.png,0
103,01a3a3c5-7d16-4220-9edc-a730573179c5.png,0
104,97c9897b-9d1b-4afa-93e1-1f23d2ce4af9.png,0
105,56073c73-c304-44bc-a181-38768a3a0ea5.png,0
106,fe3f11c1-5ab0-4eca-a729-971cf49436c9.png,0
107,9481c1bd-801e-4560-9a56-b67ce05b2628.png,0
108,15629879-4588-42c4-982d-3aa83e592668.png,0
109,f65d8024-f838-4445-b733-f3eab06fe04c.png,0
110,91d1fa2b-b887-48df-a8d4-dc7df3e82c13.png,0
111,6a573dea-0656-4405-8824-9aeacc8d5fe7.png,0
112,952d9cd8-4835-4ef7-91e5-908b9818cc9a.png,0
113,b174f45b-3c4a-4b43-aaf9-6c388b5035ce.png,0
114,e6965b92-9858-4260-9bff-644f8553713e.png,0
115,6a0ad7dd-5597-4528-b94f-10c05cf32e5c.png,0
116,02b3795c-0ae9-4d2c-84ee-4d263d405077.png,0
117,c0da1b83-d2f0-4d56-a7aa-7dd18a5f6840.png,0
118,ee852478-2eb3-43a9-82c1-f97fcf21cba4.png,0
119,1ad32119-5f71-45e7-995a-2666aab0b79f.png,0
120,77d47241-74d3-43c2-b3e7-08ff7e32bc39.png,0
121,7969a2f4-474d-4fdf-8dcf-9eebc468b66a.png,0
122,6b8646b3-6dcc-41f8-8fc2-c2d8fea66e8c.png,0
123,e3feec09-8d5f-4df8-bf04-6db64fa343d0.png,0
124,9d21ea88-9d87-4264-a54e-523136cb106c.png,0
125,f7b310d6-2255-4f34-a9be-6f705a795d8a.png,0
126,95d89d98-503d-4452-ae04-09798c94c7ed.png,0
127,8f930774-1844-4807-898b-4d34cd2067d1.png,0
128,88b393b4-ac9a-4c2d-964a-327c61018665.png,0
129,2d17e8fb-2eb1-4b80-82c9-98fef47f86c7.png,0
130,0fc3dfc0-ed38-4ab4-8456-38e5b280311d.png,0
131,72fbbee0-2383-4e93-93e3-0d23c6c63805.png,0
132,dcb52fa2-2e14-4cda-a3c3-dd312560d071.png,0
133,3ad18a46-93b8-4bb1-9b78-7d50bd074750.png,0
134,2c46679a-037b-4001-86c8-f24c85393e2d.png,0
135,6c0224b4-2166-4563-ae64-2e79c93719c9.png,0
136,ffcc9061-db72-4adb-bfd8-0134e1921630.png,0
137,eea95af0-96d7-4420-bdde-d15b53f01475.png,0
138,ac0da715-774f-4af2-8fed-1c27c1f17cf3.png,0
139,c971d258-b92b-47ec-bf3c-a15f897885ab.png,0
140,0c858d25-a4b3-40a5-a248-3a8e222e7585.png,0
141,f5b963e2-a6b6-498d-a239-f65affa31c35.png,0
142,b3f82879-681d-4915-a05f-b0cf2d5371b1.png,0
143,874546d7-b71f-43b4-8d96-537e97d487bc.png,0
144,8561a2ce-870c-4b99-99e7-af4f41fff518.png,0
145,486cb64a-bb4a-4f2d-8bde-8a280cd6658d.png,0
146,827736da-875e-493f-95bc-ac0f9abcdbe8.png,0
147,56d286e4-6d29-4d8f-9f35-30e0d26c577b.png,0
148,9f84b603-ff34-4a74-8713-30f9817b22c6.png,0
149,bc80ccfe-18f2-4e36-ad26-bf7c82be26ba.png,0
150,9a0ee949-bb4c-4ddd-821e-a15f2c5369bc.png,0
151,a1a28947-bd89-486a-a418-d2e8cf002070.png,0
152,80f819fe-fa91-46ed-954d-053892937450.png,0
153,48b5cd05-e361-48ed-b318-b957f3ae99e6.png,0
154,ab76cb79-682c-4b20-9205-7b93e3a9ba49.png,0
155,3b3f6456-9777-48f7-917e-76ac9f2b1aac.png,0
156,e01e1463-9834-437d-a359-3440917c5570.png,0
157,04b4b82e-e2c0-4286-bb76-ba4b72963c93.png,0
158,8e8f632e-4066-491a-90d5-5d453f812f14.png,0
159,1f3a5cb5-8e67-47ac-88ec-6ed61138858d.png,0
160,916cbd65-94b5-411b-b4de-896be759da1b.png,0
161,65b7727b-b155-4630-b47d-17cd59592f61.png,0
162,0a841f8e-2621-4d01-a03e-4a1df26867b4.png,0
163,563cd398-547d-4bed-a473-8c2d2cdf6749.png,0
164,a354eaac-7775-4c69-9e11-d45fd5e64954.png,0
165,7e9796c4-2462-4a58-944d-7f7ff20dcbe1.png,0
166,b9e3d3c2-aea4-4fd6-941e-21b87138d7c0.png,0
167,8aeec1d5-341f-42d2-a7d2-0be5a1f1786a.png,0
168,ab76408f-4285-4a06-a9e9-683b87eb8e62.png,0
169,027b04e9-ceb7-4ff2-bdd1-84eb8b1aa9e2.png,0
170,bec423ff-7504-4883-8c6c-f4960b5cbf4a.png,0
171,b60a7dff-30ab-41ae-9e95-34f3a00ea3c3.png,0
172,2a91bfa5-854a-4bb5-b7ec-3c4c5d8e20bc.png,0
173,2dcc9439-52a8-4a9d-bc24-2148298fbb68.png,0
174,7bbb7d95-793f-4500-a110-9febda3930f6.png,0
175,4e8ac81e-2bc0-45a6-8164-b13289bbfd47.png,0
176,f6312284-266c-4a38-86fd-71d86fad67ef.png,0
177,cf8a4fca-59fe-4263-adae-00988d95385b.png,0
178,79070ad6-3d8b-46cf-87b8-e7a91ed673b7.png,0
179,d3aa1ec6-e7d3-4dc4-9c76-ef6fbc8cf2a5.png,0
180,759b14b0-bb3f-49e2-8e96-a3d4b1673a54.png,0
181,0cce077c-fe7d-44ae-9826-35ab3788b479.png,0
182,96b7111c-165e-437f-a820-7ea1c0aac152.png,0
183,ffea1bd5-7dae-4e77-84e1-844461ae2f5d.png,0
184,eb2b2685-4cf9-483f-b0fa-a59c40b7735e.png,0
185,deb457d1-50a4-4ec1-8c0c-80add08dc435.png,0
186,6adfd853-8b23-416b-bc8f-db8d78246144.png,0
187,2988d821-f8a1-4b94-983c-6dc898edf0a4.png,0
188,1632514d-743e-4fba-8e41-422981ab0742.png,0
189,61e7d06d-99a5-4cf1-b413-7c6ce8a28c9b.png,0
190,c2626a80-eed0-41ca-b40b-724e294d4d2a.png,0
191,eea3876d-8f5f-4c9d-90ba-3d55f5f37ee8.png,0
192,fd5a4743-cd1d-4040-a461-04a466764dbf.png,0
193,000ec579-d249-482e-934a-d525e15e7f6b.png,1
194,61c1292c-3429-4b6a-b133-c6b55df52c83.png,1
195,3387c1c4-0dac-423e-ae0b-226dfdba7160.png,1
196,e8033cb6-94f8-46a1-a90a-200118ce6ebf.png,0
197,12a81040-0554-4f53-9b89-39d516e1c65f.png,0
198,bb97ce4f-dcae-4ff6-a341-273a7213cafc.png,0
199,6e0c5b4e-fcba-4daf-8b36-7432ee11b2bb.png,0
200,3af9eccd-6341-4013-a3d8-c6e7b02e9488.png,0
201,e34331d0-07dd-4b59-bb8e-5719c6c03d3b.png,0
202,e289d0ef-c21d-460d-bc97-874f39f3fd5f.png,0
203,bf8366d2-cd44-49cb-a53e-4f473067a64d.png,0
204,5182615d-8c9a-4357-a7b4-5192bee0a78c.png,0
205,b967e011-c561-492d-ae4d-fddb9d8ab082.png,0
206,df247800-f67e-428d-b4a5-0689f6034cc3.png,0
207,7a68547e-159d-43a8-94c4-9298051639f8.png,0
208,7d04e794-cb69-4dfa-8474-1332b59d1347.png,0
209,2c9b80e4-26c8-4f11-94f9-386cd9876729.png,0
210,2002778d-87da-4b42-923e-c9e616eb0668.png,0
211,cb371835-ee4d-4546-bb6d-5d82ea3b1e20.png,0
212,3bbc398e-b244-4437-8c2b-df74ad3d232d.png,0
213,8c5bcbed-e310-49ce-a16e-3995994bc923.png,0
214,274e6914-64b9-40ef-891f-86c16784beb2.png,0
215,2520cd61-ba4a-4219-8463-f17bbcc51555.png,0
216,f55d1c1f-1bda-4941-9e31-fc3d317569e3.png,0
217,ae9bde78-c37c-4ed3-abcb-e2b99624a9ce.png,0
218,3950ca6e-c798-4f40-9647-ee101809f8b4.png,0
219,06ae8270-63eb-4857-a55b-ed68a8388d94.png,0
220,b4b61094-4266-44b6-be68-983ee11cc93e.png,0
221,edef8695-8e5e-4ea0-88c9-3fc7483b86ef.png,0
222,df4ed427-1c62-40af-ba7e-ddffc02c99e3.png,0
223,35111fa2-95e5-4cda-9cf2-ef58baf67ff1.png,0
224,8b95774f-7b4e-49f1-bd26-ab3ee6284aa0.png,0
225,dfc9e8e5-d661-43b0-aea7-ac8c24e2694d.png,0
226,2d08af54-0b53-47dc-99f1-b7bce4592488.png,0
227,daf60d22-5e82-4ec1-8dff-9dd4b36b8218.png,0
228,c8da69a1-c9e8-43e3-9955-3bec3be3c319.png,0
229,5362a3e7-ca99-4a8e-8573-1dff976af3f5.png,0
230,545f3f65-5f6e-40e0-800e-5d4178ca4839.png,0
231,fe10f1fb-8958-4f41-ad87-18ab6c0e2a00.png,0
232,4a3f455e-ccd0-4199-b1ab-46434beef69d.png,0
233,cbbcad01-32ac-4ef7-9aa3-5866bd044ae4.png,0
234,fd73ecaa-9a05-4aba-9d8d-a279ad24803d.png,1
235,8f6e3685-9b14-4e8b-a488-656d4a4d430c.png,0
236,fdf4fceb-63fc-402f-93cd-c00f1a9ceee0.png,0
237,34848b0d-a5d6-4ef3-83ec-8945f1466a70.png,0
238,6aa55007-7a9e-4df3-adc4-e264e1df3619.png,0
239,3d425348-417f-4cd8-a778-5d7450f1009d.png,0
240,f16e5c3b-44d9-4df8-8a9c-b7acd64c23b4.png,0
241,f8ff9d6c-97a3-453e-ae1f-91668651955d.png,0
242,9cddbd4c-388b-4c46-aec8-4defccaae912.png,0
243,9e52a156-6bc6-4989-8b85-5ae6e973aaf1.png,0
244,2077bbea-d27a-4336-b8bf-19d0fd3d713f.png,0
245,a7dba72b-6040-4ae2-8631-fa0effb9bb5c.png,0
246,7ac4d57e-1753-4d22-9f19-3fffd52c3a45.png,0
247,7fd438b3-1eb9-4633-ad8b-5d1dee39f655.png,0
248,89504840-a415-42d0-a71f-cedc0fbd7721.png,0
249,f9008900-e5b9-46c8-83b0-ac6f4a2fcbb0.png,0
250,b78eb7fb-2b85-41e5-825e-cfd3bcd661d7.png,0
251,293be3ba-ae49-4dee-a569-fdab09720078.png,0
252,1cb5949f-0824-4472-ad2b-9ce6a58373cc.png,0
253,165a9914-6df1-47cf-8fb7-c0a47b2874c4.png,0
254,a5cd3dda-c420-4cc2-b73f-11feff6282a9.png,0
255,09dcb859-1c98-4f27-83fe-4bc2b08b5686.png,0
256,f1d5bad5-119c-43a2-bcb8-903885523ef5.png,0
257,993775af-00aa-4a29-8a02-c6f817ab859f.png,0
258,50f9e97e-29ae-49cf-b717-2920f745a984.png,0
259,deb5c1b9-f211-4dc7-b271-ea44fbd382e5.png,0
260,64cb07c0-b4ea-42ad-a748-426038c0c3d0.png,0
261,f811e80d-5fd1-4227-8b90-19fdf5b6c8bb.png,0
262,76a71e9b-a936-41ea-91c0-44e32db6abef.png,0
263,104a565e-94a2-4f18-920f-20ce9d7a9695.png,0
264,3b542cfb-157a-4433-8c7a-4c3d4168c66d.png,0
265,d79bb559-517c-462b-bcd7-52bc56e2a48f.png,0
266,997c0688-3fc0-49cc-b4f1-628bf1c371bd.png,0
267,7e0bf81e-6bb6-46ad-ae02-d37eb77d14bf.png,0
268,e31b31df-a15a-4ae1-9291-d661c7cadd70.png,0
269,f3ff4b08-46ac-4c74-8140-65ef1e75c778.png,0
270,fc3be7dd-8df3-4506-9dd8-75c1f0271ea9.png,0
271,3f8038dd-b6d7-489c-8a96-0c19bae81ad1.png,0
272,d2c6d0b4-9118-4e67-acc1-f4f13b411532.png,0
273,6932649c-b526-4645-9a42-ba904ec88def.png,0
274,51d84665-f9d8-4910-a505-acc1d839ff91.png,0
275,3712e336-2244-415f-b126-cdb64050eb88.png,0
276,063ccc17-887c-4cf5-a092-953257814bd1.png,0
277,154c3fcc-368d-4d5b-b0e3-86d7feca902b.png,0
278,2f05c7b7-9baf-4bd3-a46c-61b466db03fc.png,0
279,c89a28b2-d1af-48c6-ada3-0215707c5ad7.png,0
280,9bbd1799-0550-4299-8e6a-df6796c27ff8.png,0
281,95429e09-a368-4510-9f77-52444fd48117.png,0
282,9015136d-20b5-462e-97f0-4c1c79ef2460.png,0
283,52f6543c-5f23-4a9c-8687-16cb9517ec7b.png,0
284,379c8562-684e-4ddd-bd49-fef7ec3148ed.png,0
285,93b46d4d-c06c-42a7-961b-6592353e1eab.png,0
286,22a7cdcd-249f-42f4-8403-1659cb99dd5d.png,0
287,3c4c2669-121f-4599-898e-9c340f910f0a.png,0
288,04f37ccd-5867-4014-bfe1-7d663025c62d.png,0
289,5e3e1170-a2aa-4af7-bcaa-39c1630ac737.png,0
290,2ec4923b-c6da-419d-b2e4-5f9c7c81a89a.png,0
291,8113d345-0c29-4e64-a3e2-7ae35808c622.png,0
292,22266451-e63b-4c89-bda7-1dc3edaa0567.png,0
293,34f03817-4e26-4211-a675-9f1a1df642d6.png,0
294,bc478046-2f2f-4042-8427-66149465a9c9.png,0
295,81c745ae-3d0e-40a4-8db5-f0aad8011ea1.png,0
296,2640e66e-a338-4c68-94e6-e81cc555399e.png,0
297,906f8968-1492-4f83-a316-ec61819e76a8.png,0
298,55b015ab-5f3e-40f0-92b7-6e3c7c9d7d10.png,0
299,eb5b8619-2d14-40d8-a559-a89c0e3b1ab0.png,0
300,c3d3118b-a84f-49ab-afd3-e58cd6228b23.png,0
301,e72505bd-6a9d-451c-8fa9-ec72503f9bb9.png,0
302,90207a12-1edb-44c1-931b-092383fcc3d6.png,0
303,06a90736-4343-46af-8381-1fc394845991.png,0
304,184cb042-8b78-4781-bb34-817bdde72abe.png,0
305,ccf2743d-51ba-48df-b77f-00a71cb388d4.png,0
306,7fd722f0-35de-4680-b776-5e0647c56bc7.png,0
307,8be442e7-dcf2-4fe0-b39e-b080f6324903.png,0
308,6a28617e-b0c0-4048-9a15-ce42d273488f.png,0
309,c699afe5-2c86-40e1-aba1-6bcbb23d3f11.png,0
310,d80e8301-8c04-41dd-98ec-1675ce5a31d4.png,0
311,98de3357-48db-4a2b-860b-bf69622171c4.png,0
312,d91a4007-ac80-45c0-ab00-4ed935f1d835.png,0
313,8dd58d11-7519-46d0-9f55-b0f05d3ca74a.png,0
314,66c013f3-6194-4b7b-b590-e4011c6f791e.png,0
315,497f6500-2001-4ded-a620-4f083788519d.png,0
316,1f5bf872-68e2-4c4e-a5c9-1781d3b129e7.png,0
317,28e7fefb-eac7-445a-b345-1363d9513847.png,0
318,ccc31d88-08e0-44ab-9573-c45f04265040.png,0
319,57a0c76d-ffdc-4c91-b2a0-2f78cc0b28e1.png,0
320,b3f2eaaf-522c-46a1-91ef-06140c5f47c9.png,0
321,8d73a290-d69d-4471-b17b-73a0f261f617.png,0
322,f1237c58-f8de-429f-a227-62092485df13.png,0
323,35e4a864-ad6b-4b9b-b701-29eaa8873b10.png,0
324,59a7fc4f-ea8d-47f6-9df5-38e5b1af36e0.png,0
325,6c524aa4-b9ee-411b-998b-f845e2057bce.png,0
326,0f29b6a6-4c9e-4300-b6ea-e51720ee8df5.png,0
327,d37251c1-bd9b-4386-8899-63560cc30d51.png,0
328,95370687-cc4d-490f-98a7-8d2f5a3b2ee2.png,0
329,cf5c1d46-addb-45a1-b512-4064d01d16e8.png,0
330,f03bb2a0-d1c8-4dc7-b9bf-826420a8176c.png,0
331,dbca1b7c-447d-472d-885e-3fd292aca735.png,0
332,f42c9858-7cfc-4ef4-8318-96b3394f6b3a.png,0
333,0e29066f-5021-4b4f-b836-ac3af40fb04a.png,0
334,aba3ba9d-3566-48b7-bebb-8a9f8b91825c.png,0
335,8edbd7c9-385d-421e-822f-265b0fef3cd0.png,0
336,86c66f50-a0e7-4930-a8a7-eed41904ddd8.png,0
337,a6ff7271-65c3-4174-893e-f4b801c85a35.png,0
338,7f5af15d-163e-41ba-b65c-800837475a9e.png,0
339,29e1d465-91be-42c7-85a0-aa84ec3d3b58.png,0
340,ae174650-71e2-46d4-9920-719d5c0cf7f0.png,0
341,cb96a630-78a8-4b22-8cba-361ea795a0a3.png,0
342,e9ef603b-6a4c-423d-9a6d-834e48966a06.png,0
343,74d06a42-dc4d-4e7b-b833-4d73edee7914.png,0
344,a60b3c74-7263-46a5-bb83-3049d1e8c01b.png,0
345,5bb1ab9e-5e58-449f-a993-ff1abd0f6355.png,0
346,80df0161-69e0-4cec-ab23-45efcbc6fe19.png,0
347,7e32836f-ed2a-43f3-bd2f-3a48bfed71a3.png,0
348,049a2ccb-12dd-4cc9-b20f-ea29b0b0cebb.png,0
349,c2058c4c-cd91-46fa-ba98-599b1c6d200f.png,0
350,5b68e754-8877-4cea-98ca-f9872068158e.png,0
351,704164fe-9c08-414f-aaf9-fd5e4f4ee924.png,0
352,d2f5388d-855d-4f12-b67c-9ecb37899ee8.png,0
353,2195a38a-6ced-4c98-a69c-5f3a5588a73b.png,0
354,3f8a0180-ea57-4444-bc3b-22e88c4c37d9.png,0
355,2b8f75b8-096d-4817-9e03-f9a619490d00.png,0
356,af0ff6b1-9ee7-434b-8cc7-6d872d68f922.png,0
357,159e6bda-e5c7-4d4e-8db9-681519aac75b.png,0
358,4af9da89-5b80-4bb3-911e-6163570b4671.png,0
359,3bfb7862-d6f6-4b72-87fa-f91079772b19.png,0
360,658f9887-ffa9-40c9-8687-3a21792651d2.png,0
361,4dfb14b7-80f5-446c-a7e9-75a504c93496.png,0
362,372d6108-9db1-462b-9ff4-495e4d14c49a.png,0
363,9fba1ef4-83ac-4bc3-a15c-9c4067e0b866.png,0
364,39d5ef8e-c483-4279-9381-9a52274ba298.png,0
365,772d2268-270d-4736-bf51-74bfd3e1ac7e.png,0
366,d916c28d-4386-478d-9903-dc8b4e56dde9.png,0
367,dbf21739-f056-41df-95da-3f67a1a4800f.png,0
368,8653bbac-6fd9-4bf1-aaba-097bcbfc8457.png,0
369,b96440a2-4b3c-4119-a1ab-bd5e17dc8faa.png,0
370,8d6c1532-585e-4a48-b37c-c8ebf7604566.png,0
371,d5c0f61c-67e2-41cc-959f-1471f6667333.png,0
372,385889c5-b767-4944-8774-aec374d06bef.png,0
373,96d6ec43-d1d8-4a9a-9347-175c03571309.png,1
374,c4717732-61cc-4962-be03-9fbd36275171.png,1
375,72d06fa0-5bb3-4722-a301-20fae38ad79c.png,1
376,6685349c-bec8-49d3-8009-16fb030b708d.png,0
377,3f57456f-56b0-4b96-b40d-a53ab0d8bb85.png,0
378,60fd58b0-7e61-4ea7-b011-68c0afb43117.png,0
379,7af31ff2-504d-4684-b98a-eb1867564611.png,0
380,ac9db4e4-689f-4b71-b53b-b50a186ec85b.png,1
381,202efc8c-d44d-4fe2-8f15-dc30078180b4.png,1
382,bb95e56d-69dc-4bce-a37c-a12a765a6724.png,0
383,8d09d396-cabe-4259-ba30-c5e8d39d3819.png,0
384,a322d9bb-11a3-4952-abbd-a5d758f664f6.png,0
385,79314f15-b3ba-4d10-a70f-055cc26c458c.png,0
386,6f776c22-7c2d-4a78-b76e-755a2c48c7a2.png,0
387,1aee011f-fc53-4f62-8925-3a7d953fec01.png,0
388,d4474fb3-ca45-4150-a71f-20e16f63e8df.png,0
389,0f1b30a8-7459-4eff-89b0-e8a24feed4ce.png,0
390,0ad9d2a6-df34-48ef-a60f-c1809385e2d5.png,0
391,25776080-d588-48d1-aefe-fe77d5932994.png,0
392,b8048a9f-f17a-4b00-b9e4-f355005276a6.png,0
393,6217b7e6-035a-4bd5-9007-5c46d5d668b3.png,0
394,1720dd29-42ea-4a00-99ae-e5586a33d3cf.png,0
395,c05a4606-bbe9-4305-bc09-15d7094ee955.png,0
396,5efcdeb7-57c2-491f-8f15-dbf7f8367715.png,0
397,e77b7c34-9607-4e41-8967-1c1028e2e080.png,0
398,e8df8c5f-7276-49be-b64e-295d8757db1b.png,0
399,e5e95059-5260-4a37-b588-bd6a4a5ded3a.png,0
400,a195c893-e03c-44e8-9297-c6adf4d6ab41.png,0
401,411da5fc-d30d-477e-8ef1-d9e34288f679.png,0
402,90c7f75f-d923-4870-97c0-11cbe5a892e8.png,0
403,818f3511-596a-4067-b1ea-586b6ace451d.png,0
404,2d1f8699-4a9a-4ced-812f-4a454a0c9a76.png,0
405,e26d0777-c175-4ca5-aae2-b67c8c3f948d.png,0
406,82421d20-d31d-40d3-b268-889efa132da1.png,0
407,4df6980a-08ab-4f73-a75d-ef8151f2be11.png,0
408,13990006-d0f9-46a4-8f12-ae0fd4fd8cc3.png,0
409,93b22643-f79e-49e0-ba3b-d0d2fada0488.png,0
410,23a8c2e1-f950-4269-891d-8175c3cb052c.png,0
411,5ee487ed-5954-486a-a925-7a260a5e1f86.png,0
412,af19d7dd-6122-4293-9cbe-9c3a0f56460a.png,0
413,ccb841ea-7cd4-430c-b516-db09c999726a.png,0
414,a8ba4b88-30d9-467d-94da-de276327308c.png,0
415,9f0222b9-4565-4820-b615-657fa3f09d7d.png,0
416,688a3c17-d7aa-4674-9c18-a9cf894a6f78.png,0
417,92080a96-b6f5-4bbb-a189-84fb54ca9d8c.png,0
418,5e1586c4-1acd-4b9a-81f7-60fbb55247c5.png,0
419,f65d2e36-d5f4-415b-82fe-8fb41515dfbd.png,0
420,14fc7dae-3d9e-42b1-8b8c-763d2da06464.png,0
421,81677c80-778d-4b4d-9161-8704e77e4fa7.png,0
422,b2429ede-172f-41a4-998a-72e0686b13c3.png,0
423,e2b55f5a-eca6-43a1-82ed-aecd071ad73c.png,0
424,61e0b21f-09f7-40c1-9e07-cfc18b06a4bf.png,0
425,1e077079-af38-4aad-9270-674002d0675a.png,0
426,15d44fe8-a822-4f14-8755-8a14fda31a6d.png,0
427,e56de62e-6156-48f5-aa3e-4d1e09a02502.png,0
428,e7cc1a9f-14a5-49bc-a597-963010601862.png,0
429,db7fc2df-3875-4a38-9b5e-eb4b3d61b9b0.png,0
430,7ff0f8f4-a952-4792-a239-8b53ea98fbb6.png,0
431,19bf79e1-83eb-4c83-a92f-d13e8c1d66b9.png,0
432,077961ab-14b4-43ae-85fe-a5af3a53ffcc.png,0
433,065e9e25-7f3e-410f-89bd-d0104ce36233.png,0
434,9d947aaa-ccff-4deb-8137-547c471cfd83.png,0
435,6ac1a565-b563-4099-83b2-210edf4682ab.png,0
436,dc3a6f9e-1eb7-46bf-80fd-70037a5a3ae1.png,0
437,935af6bd-ec10-4cf6-a40e-9beb83b80c2c.png,0
438,8b1f2088-a4b5-4164-b21f-ce5b819d20a4.png,0
439,5f3ac6dc-ccd7-4c50-8ac2-c16b77738b34.png,0
440,82149001-7ddc-4357-99d3-b0bdcd159aad.png,0
441,bb09fb8d-d0a8-47af-be47-ec64d8fc502a.png,0
442,dc38c914-fedb-4415-bf80-ea29b01a8bae.png,0
443,46903e25-9626-49fa-abba-a25577d3c297.png,0
444,a40e45db-d166-4b9e-b709-3c650b1744f3.png,0
445,be37b315-db21-4ecc-a8a1-3b9b46e58b08.png,0
446,f70e0898-3c53-4ab4-a491-b01514dd58b0.png,0
447,a2c7e147-e0f1-4071-af1d-c6e9dc3917c2.png,0
448,34aef62b-2192-43cd-9094-6191f45568ea.png,0
449,87369109-1d85-45a3-99f3-358652881dce.png,0
450,730ca7e5-1d8a-45c9-9980-a2cdc53a8f76.png,0
451,29bc22ef-4481-4e3d-a3b1-e1a14ee43d8b.png,0
452,455bcd32-6734-4409-bb72-5e4617561a87.png,0
453,aaa07233-5205-4e19-8043-46a887978370.png,0
454,8e901b4e-88e6-4b9f-94b5-d68508b3a1a1.png,0
455,ad56c7bf-a54d-4cb8-8324-9938264b6842.png,0
456,ad5e7175-7ad0-44bb-ad0e-b8d75d9ad139.png,0
457,7a478029-9769-4356-a3d9-5b21ad0f41d4.png,0
458,0eb12b4d-f10c-4fce-8baa-3c51a5e929e5.png,0
459,0bfcf2e1-0251-4a40-af9a-457c6e12b370.png,0
460,2108954f-0c9d-4996-8fb8-fd8c89ea077a.png,0
461,f943faf8-2474-479b-b455-049b779180f6.png,0
462,ab182bc6-e0c8-4756-b9b2-c812015beafe.png,0
463,0606f8d2-baa4-4795-aac3-32ecedac77a9.png,0
464,6ef43f33-6ece-4c9a-8b04-1586349683de.png,0
465,65cbf38e-042b-40e9-a681-848c77b743f1.png,0
466,e3fb04cd-7236-49f8-b86d-9d54f7b8f8b6.png,0
467,dd4cbb0f-ceb7-4a90-ba69-17d75bd77567.png,0
468,6154ebd2-be1f-448a-99ab-ce62472b978a.png,0
469,21ac0c8c-3e71-4c23-b9a0-0c969bf10703.png,0
470,42a9437d-af92-4f67-a1ba-d5a69bc803b3.png,0
471,378f2bad-9d50-458d-bceb-b2e1fc9f4e6d.png,0
472,5f1233b8-d9e8-4b96-9178-2092269c01d3.png,0
473,84a0f431-5c20-4baf-90e5-b1d8a7ae29dc.png,0
474,df8b3dbf-4e24-4e5f-9e56-2ab087632ac1.png,0
475,8e2ca749-c4c9-4c36-ae3a-b7431ea3d570.png,0
476,8edc5484-c10a-49c6-a6f5-1f63e8ee3878.png,0
477,c67dca1b-1018-4fe1-8d61-b9c4c18374f9.png,0
478,1d5152fb-cd55-483c-9e50-4e817e0d2909.png,0
479,3449960a-efad-4072-9509-63a623a88e54.png,0
480,f28f8830-9555-4329-b0a9-a49befbf6dcc.png,0
481,446ab1eb-4966-4cbe-bdf6-96ff22864ee2.png,0
482,c0ec05e0-0992-417b-b136-06a1db80385e.png,0
483,97acb0dd-60d2-41ef-9a74-405761e312ac.png,0
484,7cab87e5-41d6-4669-8192-e5a6179c3685.png,0
485,e354a6b0-aaf5-417b-9f6e-c74a667d3bf4.png,0
486,d896fffa-bbb2-497e-aba5-ab4b31950012.png,0
487,14bdbe82-6a93-4879-8dd6-f6d67a3b84ac.png,0
488,158801b4-1361-4e4e-b357-0ea39032e35a.png,0
489,6b3206f5-9d7f-4bb8-a3e4-499fb436cd2b.png,0
490,3c5e62cf-c110-4d9b-bee7-c7020cbc053f.png,0
491,d899eb99-2ab3-4e89-a2a4-5014fb2b133d.png,0
492,cb2837ca-3fe0-459e-a738-256e679e1ba1.png,0
493,daa8f70a-ca16-4d01-87cc-bdfac1341d64.png,0
494,a5376f6b-af42-4405-a517-c7070092c058.png,0
495,c0af7fc4-4a0d-48e6-a93e-6ce8aedbae3a.png,0
496,336537c4-d10d-4eaf-9bc4-b8037a59338b.png,0
497,b25ca162-6e67-498e-b6fa-ef062a0609f9.png,0
498,6b603085-59be-4e9b-83a3-5a9994c6ae8d.png,0
499,58efe29c-df60-4ba1-8ac0-dae6b7af72d1.png,0
500,b30471a2-6a75-4a01-9c30-f0844a0d817c.png,0
501,55e5214e-f86b-479a-8ca1-f002cd0f3f37.png,0
502,bc2734d2-7515-4bc9-92f0-7d82676a2537.png,0
503,85d349b3-843d-4911-be73-bfa3eef1c2ad.png,0
504,4c5037e4-a9a4-4834-93e4-dee842fd76e3.png,0
505,9d054745-b1e8-4627-832c-2203c0e53551.png,0
506,a23019de-8997-4a5a-ab3f-e3c5223c9c32.png,0
507,da28c13c-c0fc-4263-96e8-4b003ebb6767.png,0
508,f786dec5-571a-4dc6-be7c-d69cdc412d21.png,0
509,cbb8b704-0f9c-4d07-8bbe-1e9c5e70cd89.png,0
510,5098a15b-8cc9-4981-ba58-295fbe752626.png,0
511,f1e1d056-2278-4486-b9ef-70edb6400923.png,0
512,a43e86ca-5fc2-4603-ad51-e76dad9c8984.png,0
513,6b7bc2fd-44e1-4600-bbd8-bb3ecd681aa0.png,0
514,58f9dfc8-ed4d-4713-b363-ceaa51a2b3fb.png,0
515,e5bdbfa3-8872-427b-96ae-7edb10860910.png,0
516,6de18d51-d78c-4150-96c2-3cd78b2c0032.png,0
517,3ad1f41e-6023-4dfd-9d46-2355062c3a36.png,0
518,910100f1-8eca-4846-ad49-5a7fa1185cb1.png,0
519,6ad008f1-c275-43f4-ba1d-018f469a4b0b.png,0
520,0f6093b4-cfc2-42aa-8642-4d497fd2c981.png,0
521,5b5dbb53-618c-4d2e-977b-40a157fd618a.png,0
522,a8b6d476-1861-45fb-9fea-4fe5c9d170d6.png,0
523,9fb69a28-791e-46aa-8388-a54a1016fe48.png,0
524,1189e2c3-a5fb-4688-bd31-d0a423713c73.png,0
525,7b55fc7f-e286-456e-b24e-c7ce4a3db1d8.png,0
526,0832365f-fc78-41f8-a781-c7d258fd3f47.png,0
527,acfc098e-9b99-4806-8e8c-2397dbd08c5b.png,0
528,d82725ac-7dc5-48b2-bc83-bac69fbfc1e7.png,0
529,09c0ab04-053f-46cb-a71b-d8cbf5e0baea.png,0
530,a243adb4-034b-4108-a425-65d81a9eb235.png,0
531,84db7c1c-4c38-4a6c-b547-4aa5cdd7b59a.png,0
532,595c6258-564d-4020-95a5-b9656fdf6132.png,0
533,a946f14a-d9c1-49ca-bd6a-d3d081f823c0.png,0
534,cd21b216-5229-447d-9ab8-84575bea5971.png,0
535,c2ec1a1d-1a65-49c8-8462-bccd511781c9.png,0
536,12244b87-a861-4ac5-aa8a-5ab054336cb9.png,0
537,df16ea7e-0a31-4314-b257-8aba5a782c85.png,0
538,9ec9f54b-01ae-4e7f-9592-c3dc7b232e06.png,0
539,b5d11e62-66c6-4973-8caf-d78cb41c4c3c.png,0
540,f229f275-8a3c-4151-8e93-9f946e937c3f.png,0
541,03371c9e-0311-4b62-9ae9-964e9f8ddf90.png,0
542,2c462c81-75cd-4912-a809-7434cfb2d6d8.png,0
543,249a28b3-120c-4a9f-aa83-6b45d52f4791.png,0
544,491271ad-ec7b-40fc-b258-6268b1a43cf2.png,0
545,1f2fe4b5-7dd6-415c-9cf3-ae989099121a.png,0
546,6ec6c4e6-e2df-4384-872d-3d51783c2621.png,0
547,8e65e65a-d919-4d54-9cb9-f5f4a9d4852d.png,0
548,5e48f84f-d264-4729-80e1-3803498c0f64.png,0
549,852a1775-ec02-42e0-98e4-712bf5afd540.png,0
550,b542953d-6df2-4d88-837a-05223eb40425.png,0
551,58bfeb5c-b528-4b6f-b466-effcff809175.png,0
552,71438117-6fcd-461b-9cae-cb5db5f89dc5.png,0
553,86df6853-6bdc-4b6a-a8ef-1106dea887a6.png,0
554,029b7e74-74c4-42a2-91ae-36db6aebc401.png,0
555,095e5490-73c1-4913-a106-a97e06703baa.png,0
556,a4fc2129-0314-457b-a70c-8fd8021058df.png,0
557,28115d5d-30ca-47f3-92a7-bdabcd136826.png,0
558,9ba7e5e5-4af7-4de2-89a8-d4e4c92fec63.png,0
559,9f5efd3d-a3c1-4e40-a736-723407b6a8e6.png,0
560,e7fdcb4c-b82f-4896-afca-29794a9506fd.png,0
561,f371f8c1-abe8-4c1b-9870-7f42faa3fe39.png,0
562,9800ee96-a99c-4409-b6f7-8b031e8f0764.png,0
563,d8648b07-d7fa-48ee-9896-10956129b98b.png,0
564,f39b2060-7cd7-4f87-9b57-51fffb06d519.png,0
565,189ce419-068c-485b-aaf2-48691aac0cfc.png,0
566,f9661799-439f-44fb-a250-36bb2e641593.png,0
567,fe97ece4-f50f-43fd-a358-09981c6c97ed.png,0
568,f580f008-809c-4ebd-ae97-11c409c992b5.png,0
569,9973f639-c8c9-4ff3-a675-95baf82e6750.png,0
570,6310c974-fee7-4156-9b01-4e5661fe53d2.png,0
571,b894764b-67f7-4285-a0a8-5e4b8d7a44b3.png,0
572,39eba3b0-42f3-486c-a09b-ab47e7756c91.png,0
573,96ff31f9-b89a-4b9a-9a7c-78c09e27d3f7.png,0
574,939e273c-fd8b-439a-b2f8-ea15f91aafd9.png,0
575,2b018281-f2d5-4ecc-b92e-9b2fec10d6c0.png,0
576,b5c8f8dc-50ee-4f38-b601-eac2c3cad6f0.png,0
577,06abc525-5db9-40bb-9db9-f784f320df40.png,0
578,6b04ea50-b5c9-4c63-ac58-4a7bea5a642c.png,0
579,3bb7028f-b1aa-4235-832c-f32303f93160.png,0
580,03289f29-769c-4306-81f1-0ecc10ba4140.png,0
581,e3f93504-a133-44a9-ab9f-cd019ac9e0fe.png,0
582,9edb1635-d232-4f5d-93d4-2a0303ddc5db.png,0
583,5be1550e-e21a-48a3-81f7-10c5220b77ab.png,0
584,bc0f3ead-d4d5-4542-af63-25ae34c68c1e.png,0
585,3c8b6bd1-d465-43b9-b654-006a2a32d0d1.png,0
586,57052180-7f73-4cc6-8e9d-4130b6b14cdd.png,0
587,f2892c04-76a9-4cf7-897a-584693757781.png,0
588,47039535-8d11-41a0-9e81-b635ca4e408d.png,0
589,653bddf9-8825-439c-b8cd-cf6f13b4ea2d.png,0
590,491a76d6-1168-47f2-aeb4-6cfeaf358398.png,0
591,2ef48807-fcad-4cd3-b5eb-aa9f7d80e076.png,0
592,9b11ed98-9ae8-412e-bec5-e52ae583f00b.png,0
593,e498ad63-d7d3-4a30-89b9-56aab7d35862.png,0
594,7861b671-b134-4417-a37d-c091fa282fb9.png,0
595,2ddfd256-ba06-475f-b470-bf7cffe62a8d.png,0
596,fdbd2c52-7c75-4b44-b31b-b52f201f0eee.png,0
597,590af222-592d-4739-84dc-01711a42d28a.png,0
598,1c1ccd8a-f2c1-4ffd-918a-50c1ec66d05b.png,0
599,b840efd4-4f3a-4571-a83c-bcfd4f204e9e.png,0
600,36048d55-0001-453c-8964-537c6f102dcc.png,0
601,60cfa3c6-59a1-4304-a046-7a6a26711be8.png,0
602,9845364a-21f4-4a3f-b1a6-64684c58960e.png,0
603,2dcdee67-11a4-49df-b1a4-1237b3d96acb.png,0
604,7c2339a5-8e20-46ae-a7cf-f9bda0534cf7.png,0
605,d850456d-c342-4db1-acb8-b226d9e700a5.png,0
606,80cb3fb3-41a1-4158-a7d1-935c83d2b110.png,0
607,8e89bd13-f86d-4872-a296-5c0618ad9cb2.png,0
608,b75646ae-6ed1-422a-beea-66f056afbe98.png,0
609,545eb227-6572-4a61-8fa6-9d9f5c61febf.png,0
610,feaee462-18f2-4c3d-aea5-8b550ff1b401.png,0
611,64120996-7544-4fd3-bb51-367f7eeb68c0.png,0
612,7e20df00-544c-4bdb-bb14-d24b06f8802f.png,0
613,53235486-7c46-4bda-9f7f-2ac2cf7ae1ba.png,0
614,42d467a0-f2cf-497f-a551-dc70704132f1.png,0
615,1a6576bd-2c30-4ee0-bca5-30e94a73aef1.png,0
616,cea5af6a-77ed-4899-af70-12ba423e3860.png,0
617,1cd7ed0f-112e-4197-9db9-0863e3d93457.png,0
618,958f98b1-cfac-433a-8a15-942c2917ad72.png,0
619,e643624d-1323-4c3c-82c9-b2977d8cbbe0.png,0
620,78292356-327e-4246-8648-f180aa456b1d.png,0
621,d509ebbe-3344-47e7-b987-b780bf692f67.png,0
622,f1f03c65-dc0c-4397-a0ae-bd5771f13278.png,0
623,318ac215-aa2f-4f29-897b-fa5a7da9791a.png,0
624,fdc818b3-06d9-4943-887c-13b03e11c2e4.png,0
625,df2ac687-4204-4e31-8d65-3b49c0ebc17a.png,0
626,59e64749-d83b-45e9-9b19-5f74d1b04a27.png,0
627,71fdede1-1ff9-4cbd-a33f-d663553c93c9.png,0
628,5dbb83ce-3874-42e0-b4ab-8a270daef06f.png,0
629,1d259585-fd5b-47b3-9e36-cab82eab4080.png,0
630,586469a6-54c1-4c80-9c5b-816748b40084.png,0
631,02987632-54e4-493a-afbc-a9c12b21e012.png,0
632,8d521ae3-8ceb-4e4e-a0d3-b90093493493.png,0
633,a59fe850-6bd8-41e2-a230-24c980cc01f7.png,0
634,6a8e448e-04e2-48c6-b157-9144aacb86d5.png,0
635,bbc6a134-84a0-4922-97d4-eb6377fbbee4.png,0
636,c3bce44e-768a-4fc1-9b59-9653fd1a1b86.png,0
637,bd0e6041-004f-4060-835b-4d95b2fd6dfb.png,0
638,7858a889-1309-416b-8ecd-1503d2e4a7bf.png,0
639,61714ccf-1ef6-415d-ad27-18134d89e6a6.png,0
640,b5e07a0d-1199-4659-9042-d1e959ced1dc.png,0
641,d00db128-2be3-4a06-85b7-a4d668bf876c.png,0
642,81e81c63-0ebe-4faf-a4e1-ea36cef80e10.png,0
643,6bb432ed-1069-46c5-993f-e0228e617732.png,0
644,5e5b5f8f-b32a-4038-a654-5c5bbe6e002d.png,0
645,27386b68-7e53-4690-937e-7b3111a79e18.png,0
646,bd99b92d-6a27-4e8e-aaac-6c313ddc6ba3.png,0
647,74d57c22-dae7-4baa-b46b-52bbe76c53bb.png,0
648,928b947e-54e6-4499-ba9c-aa3c91ab0f9f.png,0
649,082acc5b-afd4-449e-b2ac-8c53eb29141e.png,0
650,4833fad0-ba54-477c-898f-3e1479ab7077.png,0
651,025488d3-63e8-4bad-bb56-b85fde30d7d9.png,0
652,029cce4d-2070-4c9b-9f9f-77cd0b92dd49.png,0
653,0c01e72e-57d9-446e-bac8-d4ffbe981289.png,0
654,7353231e-42b1-43c4-86b5-3e63007cbe7a.png,0
655,cd7bdcc2-cb30-4b9e-88b9-d054eb0516ca.png,0
656,950d307d-5b90-4bc2-bfda-e2ddd5f38a94.png,0
657,6df1d2b7-1a90-40c7-8d23-86fb7d119023.png,0
658,56435029-372a-4efb-93df-7b3565759f00.png,0
659,6e09c5e1-b55d-4d99-8b5f-e7f6c2fc2a09.png,0
660,599141d2-8575-48ad-97f2-c9f4b520b210.png,0
661,0f2dee1b-cf17-4930-8ae5-fb90d3798849.png,0
662,35f65b66-3bcc-4bf3-a1dc-35d99c798f06.png,0
663,f9a5ff64-560c-4eb6-bcb8-740f7cc47279.png,0
664,627bdad3-dbc6-4ed7-ac18-38a9de4251dc.png,0
665,fa2c21ae-2cbe-4485-9546-bf263273b33c.png,0
666,b479d61c-6733-4c54-9259-1bd11b059f9f.png,0
